Hush - Beauty for Everyone,BEAUTY,4.7,18900,17M,"500,000+",Free,0,Everyone,Beauty,"August 2, 2018",6.10.1,5.0 and up
"ipsy: Makeup, Beauty, and Tips",BEAUTY,4.9,49790,14M,"1,000,000+",Free,0,Everyone,Beauty,"November 9, 2017",2.3.0,4.1 and up
Natural recipes for your beauty,BEAUTY,4.7,1150,9.8M,"100,000+",Free,0,Everyone,Beauty,"May 15, 2018",4.0,4.1 and up
"BestCam Selfie-selfie, beauty camera, photo editor",BEAUTY,3.9,1739,21M,"500,000+",Free,0,Everyone,Beauty,"July 12, 2018",1.0.6,4.0.3 and up
Mirror - Zoom & Exposure -,BEAUTY,3.9,32090,Varies with device,"1,000,000+",Free,0,Everyone,Beauty,"October 24, 2016",Varies with device,Varies with device
Beauty Selfie Camera,BEAUTY,4.2,2225,52M,"500,000+",Free,0,Everyone,Beauty,"February 28, 2018",1.6,4.1 and up
Hairstyles step by step,BEAUTY,4.6,4369,14M,"100,000+",Free,0,Everyone,Beauty,"July 25, 2018",1.9,4.0.3 and up
Filters for Selfie,BEAUTY,4.3,8572,25M,"1,000,000+",Free,0,Everyone,Beauty,"May 10, 2018",1.1.0,4.0 and up
Tie - Always be happy,BEAUTY,4.7,964,9.0M,"50,000+",Free,0,Everyone,Beauty,"June 21, 2018",4.0,4.2 and up
Ulta Beauty,BEAUTY,4.7,42050,Varies with device,"1,000,000+",Free,0,Everyone,Beauty,"June 5, 2018",5.4,5.0 and up
Prom MakeUp Tutorial,BEAUTY,4.8,104,12M,"10,000+",Free,0,Everyone,Beauty,"June 26, 2018",1.3,4.0.3 and up
Selfie Camera,BEAUTY,4.2,17934,Varies with device,"1,000,000+",Free,0,Everyone,Beauty,"September 12, 2017",Varies with device,Varies with device
Sweet Selfie Beauty Camera,BEAUTY,4.3,601,35M,"100,000+",Free,0,Everyone,Beauty,"June 2, 2018",2.0.0,4.0 and up
Colors of white in Urdu,BEAUTY,4.5,36,6.7M,"10,000+",Free,0,Everyone,Beauty,"July 26, 2018",6.0,4.0 and up
Selfie Camera Photo Editor & Filter & Sticker,BEAUTY,4.1,187,30M,"50,000+",Free,0,Teen,Beauty,"July 24, 2018",3.0.1,4.0.3 and up
Wrinkles and rejuvenation,BEAUTY,NaN,182,5.7M,"100,000+",Free,0,Everyone 10+,Beauty,"September 20, 2017",8.0,3.0 and up
Eyes Makeup Beauty Tips,BEAUTY,4.2,30,2.9M,"10,000+",Free,0,Everyone,Beauty,"April 9, 2018",3.3.9,4.0.3 and up
Photo Editor 2018,BEAUTY,4.5,134,17M,"10,000+",Free,0,Everyone,Beauty,"March 1, 2018",1.20,4.0.3 and up
Step By Step Eyes Makeup Tutorial,BEAUTY,4.4,74,2.9M,"10,000+",Free,0,Everyone,Beauty,"April 5, 2018",2.3.09,4.0.3 and up
Beauty Camera - Selfie Camera,BEAUTY,4.0,113715,Varies with device,"10,000,000+",Free,0,Everyone,Beauty,"August 3, 2017",Varies with device,Varies with device
Girls Hairstyles,BEAUTY,4.1,3595,Varies with device,"500,000+",Free,0,Everyone,Beauty,"May 24, 2018",Varies with device,4.0 and up
Mirror Camera (Mirror + Selfie Camera),BEAUTY,4.1,9315,2.6M,"1,000,000+",Free,0,Everyone,Beauty,"November 21, 2017",1.4.2,4.0 and up
Beauty Tips - Beauty Tips in Sinhala,BEAUTY,4.4,75,4.2M,"50,000+",Free,0,Everyone,Beauty,"October 18, 2017",1.0.0,4.0.3 and up
Haircut Tutorials/Haircut Videos,BEAUTY,4.6,38,7.1M,"10,000+",Free,0,Everyone,Beauty,"May 29, 2018",1.0,4.0 and up
"Sephora: Skin Care, Beauty Makeup & Fragrance Shop",BEAUTY,4.5,26834,57M,"1,000,000+",Free,0,Everyone,Beauty,"July 24, 2018",18.5,5.0 and up
Manicure - nail design,BEAUTY,NaN,119,3.7M,"50,000+",Free,0,Everyone,Beauty,"July 23, 2018",1.3,4.1 and up
"Sticker Camera - Selfie Filters, Beauty Camera",BEAUTY,3.9,2277,22M,"500,000+",Free,0,Everyone,Beauty,"July 12, 2018",1.1.0,4.0.3 and up
Filters for B Live,BEAUTY,4.4,2280,24M,"500,000+",Free,0,Everyone,Beauty,"May 14, 2018",1.1.0,4.0 and up
Skin Care and Natural Beauty,BEAUTY,NaN,654,7.4M,"100,000+",Free,0,Teen,Beauty,"July 17, 2018",1.15,4.1 and up
Facial Wrinkle Reduction,BEAUTY,4.6,184,21M,"10,000+",Free,0,Everyone,Beauty,"July 2, 2018",1.5,4.1 and up
Makeup Videos,BEAUTY,3.8,9,3.4M,"5,000+",Free,0,Everyone,Beauty,"June 7, 2018",1.0,4.0 and up
"Secrets of beauty, youth and health",BEAUTY,NaN,77,2.9M,"10,000+",Free,0,Mature 17+,Beauty,"August 8, 2017",2.0,2.3 and up
Recipes and tips for losing weight,BEAUTY,NaN,35,3.1M,"10,000+",Free,0,Everyone 10+,Beauty,"December 11, 2017",2.0,3.0 and up
Discover Color,BEAUTY,4.0,364,6.4M,"100,000+",Free,0,Everyone,Beauty,"May 24, 2018",1.1,4.0.3 and up
Eyeliner step by step 2018,BEAUTY,4.3,18,3.2M,"5,000+",Free,0,Everyone,Beauty,"June 1, 2018",1.2.13,4.0.3 and up
Dresses Ideas & Fashions +3000,BEAUTY,4.5,473,8.2M,"100,000+",Free,0,Mature 17+,Beauty,"March 1, 2017",1.0.2.0,1.6 and up
"Lady adviser (beauty, health)",BEAUTY,NaN,30,9.9M,"10,000+",Free,0,Mature 17+,Beauty,"January 24, 2018",3.0,3.0 and up
Step By Step Hairstyles For Women,BEAUTY,4.1,66,2.9M,"10,000+",Free,0,Everyone,Beauty,"April 5, 2018",3.1.89,4.0.3 and up
Rainbow Camera,BEAUTY,3.7,3871,23M,"1,000,000+",Free,0,Everyone,Beauty,"July 30, 2018",2.2.0,4.0 and up
Methods of teeth whitening,BEAUTY,4.7,257,4.6M,"50,000+",Free,0,Everyone,Beauty,"August 7, 2017",1.0,4.0.3 and up
Girls hairstyles 2018,BEAUTY,4.2,62,3.1M,"10,000+",Free,0,Everyone,Beauty,"May 28, 2018",1.9.2,4.0.3 and up
Vaniday - Beauty Booking App,LIFESTYLE,3.6,1067,Varies with device,"100,000+",Free,0,Everyone,Lifestyle,"March 20, 2018",3.8.15,4.1 and up
Vaniday - Beauty Booking App,LIFESTYLE,3.6,1067,Varies with device,"100,000+",Free,0,Everyone,Lifestyle,"March 20, 2018",3.8.15,4.1 and up
B612 - Beauty & Filter Camera,PHOTOGRAPHY,4.4,5282578,Varies with device,"100,000,000+",Free,0,Everyone,Photography,"July 30, 2018",7.6.5,4.3 and up
Makeup Editor -Beauty Photo Editor & Selfie Camera,PHOTOGRAPHY,4.5,3378,30M,"1,000,000+",Free,0,Mature 17+,Photography,"July 25, 2018",1.7,4.1 and up
InstaBeauty -Makeup Selfie Cam,PHOTOGRAPHY,4.3,654419,Varies with device,"50,000,000+",Free,0,Everyone,Photography,"February 1, 2018",Varies with device,4.0.3 and up
"Selfie Camera: Beauty Camera, Photo Editor,Collage",PHOTOGRAPHY,4.7,31985,9.1M,"1,000,000+",Free,0,Everyone,Photography,"August 6, 2018",1.7.14,4.2 and up
BeautyPlus - Easy Photo Editor & Selfie Camera,PHOTOGRAPHY,4.4,3158047,53M,"100,000,000+",Free,0,Everyone,Photography,"July 31, 2018",6.9.031,4.1 and up
"Pretty Makeup, Beauty Photo Editor & Snappy Camera",PHOTOGRAPHY,4.5,26361,29M,"5,000,000+",Free,0,Everyone,Photography,"July 25, 2018",5.3,4.1 and up
"Sweet Camera - Selfie Filters, Beauty Camera",PHOTOGRAPHY,4.7,233039,24M,"10,000,000+",Free,0,Everyone,Photography,"July 28, 2018",1.5.3,4.4 and up
"Sweet Selfie - selfie camera, beauty cam, photo edit",PHOTOGRAPHY,4.6,1159058,25M,"100,000,000+",Free,0,Everyone,Photography,"August 3, 2018",2.73.672,4.0.3 and up
Beauty Makeup – Photo Makeover,PHOTOGRAPHY,4.3,21730,19M,"1,000,000+",Free,0,Everyone,Photography,"May 23, 2018",1.6.0,4.0 and up
InstaBeauty -Makeup Selfie Cam,PHOTOGRAPHY,4.3,654418,Varies with device,"50,000,000+",Free,0,Everyone,Photography,"February 1, 2018",Varies with device,4.0.3 and up
B612 - Beauty & Filter Camera,PHOTOGRAPHY,4.4,5282558,Varies with device,"100,000,000+",Free,0,Everyone,Photography,"July 30, 2018",7.6.5,4.3 and up
BeautyPlus - Easy Photo Editor & Selfie Camera,PHOTOGRAPHY,4.4,3157936,53M,"100,000,000+",Free,0,Everyone,Photography,"July 31, 2018",6.9.031,4.1 and up
"Candy Camera - selfie, beauty camera, photo editor",PHOTOGRAPHY,4.4,3368649,Varies with device,"100,000,000+",Free,0,Everyone,Photography,"July 16, 2018",4.47,4.0.3 and up
Beauty Makeup Snappy Collage Photo Editor - Lidow,PHOTOGRAPHY,4.5,420973,Varies with device,"10,000,000+",Free,0,Everyone,Photography,"August 2, 2018",Varies with device,Varies with device
"Candy Camera - selfie, beauty camera, photo editor",PHOTOGRAPHY,4.4,3368646,Varies with device,"100,000,000+",Free,0,Everyone,Photography,"July 16, 2018",4.47,4.0.3 and up
PhotoWonder: Pro Beauty Photo Editor Collage Maker,PHOTOGRAPHY,4.4,852649,43M,"50,000,000+",Free,0,Teen,Photography,"June 26, 2018",4.1.0.1,4.2 and up
BeautyPlus - Easy Photo Editor & Selfie Camera,PHOTOGRAPHY,4.4,3158151,53M,"100,000,000+",Free,0,Everyone,Photography,"July 31, 2018",6.9.031,4.1 and up
"Z Camera - Photo Editor, Beauty Selfie, Collage",PHOTOGRAPHY,4.4,1075277,47M,"100,000,000+",Free,0,Mature 17+,Photography,"August 3, 2018",4.21,4.1 and up
"Candy Camera - selfie, beauty camera, photo editor",PHOTOGRAPHY,4.4,3368705,Varies with device,"100,000,000+",Free,0,Everyone,Photography,"July 16, 2018",4.47,4.0.3 and up
BeautyPlus - Easy Photo Editor & Selfie Camera,PHOTOGRAPHY,4.4,3158151,53M,"100,000,000+",Free,0,Everyone,Photography,"July 31, 2018",6.9.031,4.1 and up
"Meitu – Beauty Cam, Easy Photo Editor",PHOTOGRAPHY,4.5,462702,45M,"10,000,000+",Free,0,Everyone,Photography,"August 1, 2018",8.1.0.6,4.3 and up
B612 - Beauty & Filter Camera,PHOTOGRAPHY,4.4,5276983,Varies with device,"100,000,000+",Free,0,Everyone,Photography,"July 30, 2018",7.6.5,4.3 and up
Be U Salons Hair-Beauty Deals In Delhi & Bangalore,LIFESTYLE,4.0,889,16M,"100,000+",Free,0,Everyone,Lifestyle,"August 2, 2018",1.1.4.38,4.2 and up
"VideoShow-Video Editor, Video Maker, Beauty Camera",VIDEO_PLAYERS,4.6,4016834,Varies with device,"100,000,000+",Free,0,Everyone,Video Players & Editors,"July 23, 2018",Varies with device,Varies with device
"Z Camera - Photo Editor, Beauty Selfie, Collage",PHOTOGRAPHY,4.4,1075016,47M,"100,000,000+",Free,0,Mature 17+,Photography,"August 3, 2018",4.21,4.1 and up
AI Face Beauty Analysis - IntelliFace (Free),BEAUTY,3.1,40,13M,"10,000+",Free,0,Everyone,Beauty,"April 11, 2018",20,4.1 and up
Aura Hair Group BC,BEAUTY,NaN,0,Varies with device,100+,Free,0,Everyone,Beauty,"April 23, 2018",Varies with device,4.0.3 and up
BeautyPlus - Easy Photo Editor & Selfie Camera,PHOTOGRAPHY,4.4,3156484,53M,"100,000,000+",Free,0,Everyone,Photography,"July 31, 2018",6.9.031,4.1 and up
Beauty Idol: Fashion Queen,GAME,4.3,128367,54M,"1,000,000+",Free,0,Everyone,Arcade,"October 27, 2017",2.1.0,4.0.3 and up
BH Cosmetics,BEAUTY,4.0,2,3.6M,"1,000+",Free,0,Everyone,Beauty,"May 29, 2018",1.0,4.0 and up
BJ Grand Salon Mobile App,BEAUTY,NaN,1,15M,100+,Free,0,Everyone,Beauty,"June 14, 2018",1.0.7,5.0 and up
BN Whitening Shoppe Ph,BEAUTY,4.0,2,13M,100+,Free,0,Everyone,Beauty,"March 6, 2018",1.0.8,4.0.3 and up
Beauty Rental Shop,FAMILY,4.6,11480,93M,"100,000+",Free,0,Everyone,Simulation,"May 25, 2018",1.0.4,4.4 and up
BU Beauty Rooms,BEAUTY,NaN,1,6.0M,50+,Free,0,Everyone,Beauty,"February 17, 2017",1.0,4.4 and up
Best Hairstyles step by step,BEAUTY,4.5,45452,9.2M,"5,000,000+",Free,0,Everyone,Beauty,"July 19, 2018",1.25,4.0 and up
Calvin Klein Petite Dresses,BEAUTY,NaN,0,3.7M,500+,Free,0,Everyone,Beauty,"March 23, 2018",1,4.1 and up
DK Studio Barbershop,BEAUTY,NaN,8,17M,100+,Free,0,Everyone,Beauty,"March 20, 2018",1.1,4.1 and up
Skin Disease,BEAUTY,4.0,1,2.2M,100+,Free,0,Everyone,Beauty,"August 30, 2017",1.0,2.2 and up
Pet Beauty Salon,FAMILY,3.8,20292,47M,"1,000,000+",Free,0,Everyone,Educational;Creativity,"May 24, 2015",1.2,2.3 and up
Beauty and the Beast,FAMILY,4.4,70883,31M,"1,000,000+",Free,0,Everyone,Puzzle;Creativity,"August 7, 2018",1.7.6,4.2 and up
Beard Live Camera Photo Editor,BEAUTY,4.7,900,30M,"5,000+",Free,0,Everyone,Beauty,"March 25, 2018",1.1,4.0.3 and up
Female Daily,BEAUTY,3.9,4354,42M,"100,000+",Free,0,Teen,Beauty,"August 6, 2018",2.5.1,4.0.3 and up
